{"0":{"GLHS1":0.0099813693,"L1":0.0099579767,"GLHS4":0.0099897786,"L4":0.0100162224,"L2":0.0100290911,"GLHS3":0.0099791444,"GLHS5":0.0100163449,"GLHS2":0.0099813652,"L3":0.0100173538,"L5":0.0100051828},"1":{"GLHS1":0.009982774,"L1":0.0099612687,"GLHS4":0.0099888964,"L4":0.0100158533,"L2":0.01002839,"GLHS3":0.0099795737,"GLHS5":0.0100162769,"GLHS2":0.0099827705,"L3":0.0100160841,"L5":0.0100056098},"2":{"GLHS1":0.0099840434,"L1":0.0099643074,"GLHS4":0.0099881058,"L4":0.010015479,"L2":0.0100276923,"GLHS3":0.00997999,"GLHS5":0.0100161638,"GLHS2":0.0099840404,"L3":0.0100148953,"L5":0.010005961},"3":{"GLHS1":0.0099851915,"L1":0.0099671127,"GLHS4":0.0099874,"L4":0.0100151019,"L2":0.0100270003,"GLHS3":0.0099803954,"GLHS5":0.010016012,"GLHS2":0.0099851889,"L3":0.0100137826,"L5":0.0100062458},"4":{"GLHS1":0.0099862309,"L1":0.0099697033,"GLHS4":0.0099867725,"L4":0.0100147242,"L2":0.0100263158,"GLHS3":0.0099807915,"GLHS5":0.0100158271,"GLHS2":0.0099862286,"L3":0.0100127418,"L5":0.0100064726},"5":{"GLHS1":0.0099871729,"L1":0.009972096,"GLHS4":0.0099862176,"L4":0.0100143476,"L2":0.0100256404,"GLHS3":0.0099811797,"GLHS5":0.010015614,"GLHS2":0.0099871709,"L3":0.0100117686,"L5":0.0100066486},"6":{"GLHS1":0.0099880274,"L1":0.0099743063,"GLHS4":0.0099857295,"L4":0.0100139737,"L2":0.0100249755,"GLHS3":0.0099815609,"GLHS5":0.0100153771,"GLHS2":0.0099880257,"L3":0.0100108592,"L5":0.0100067804},"7":{"GLHS1":0.0099888035,"L1":0.0099763486,"GLHS4":0.0099853032,"L4":0.0100136035,"L2":0.0100243219,"GLHS3":0.009981936,"GLHS5":0.0100151204,"GLHS2":0.009988802,"L3":0.0100100097,"L5":0.0100068739},"8":{"GLHS1":0.0099895092,"L1":0.0099782359,"GLHS4":0.0099849339,"L4":0.0100132383,"L2":0.0100236806,"GLHS3":0.0099823058,"GLHS5":0.0100148471,"GLHS2":0.0099895079,"L3":0.0100092164,"L5":0.0100069341},"9":{"GLHS1":0.0099901517,"L1":0.0099799804,"GLHS4":0.0099846171,"L4":0.0100128787,"L2":0.0100230522,"GLHS3":0.0099826706,"GLHS5":0.0100145605,"GLHS2":0.0099901506,"L3":0.010008476,"L5":0.0100069657}}