{"0":{"u 2":0.0099890092,"u 3":0.0099778301,"u 4":0.0099561326,"u 7":0.0100334818,"u 13":0.0099890045,"u 11":0.010058209,"u 9":0.0099363215,"u 14":0.0100334581},"1":{"u 2":0.0099896681,"u 3":0.0099788412,"u 4":0.0099590977,"u 7":0.0100320436,"u 13":0.0099896639,"u 11":0.0100541594,"u 9":0.0099417175,"u 14":0.0100319823},"2":{"u 2":0.009990278,"u 3":0.0099797811,"u 4":0.0099618542,"u 7":0.0100306327,"u 13":0.0099902742,"u 11":0.0100503986,"u 9":0.0099466142,"u 14":0.0100305717},"3":{"u 2":0.0099908425,"u 3":0.0099806556,"u 4":0.0099644181,"u 7":0.0100292537,"u 13":0.009990839,"u 11":0.0100469065,"u 9":0.00995106,"u 14":0.0100292251},"4":{"u 2":0.009991365,"u 3":0.00998147,"u 4":0.0099668038,"u 7":0.0100279102,"u 13":0.0099913619,"u 11":0.0100436643,"u 9":0.0099550982,"u 14":0.0100279409},"5":{"u 2":0.0099918488,"u 3":0.0099822291,"u 4":0.0099690247,"u 7":0.010026605,"u 13":0.0099918461,"u 11":0.0100406546,"u 9":0.0099587681,"u 14":0.0100267175},"6":{"u 2":0.0099922968,"u 3":0.0099829374,"u 4":0.009971093,"u 7":0.0100253401,"u 13":0.0099922943,"u 11":0.0100378609,"u 9":0.0099621049,"u 14":0.0100255528},"7":{"u 2":0.0099927117,"u 3":0.0099835989,"u 4":0.0099730201,"u 7":0.0100241171,"u 13":0.0099927095,"u 11":0.010035268,"u 9":0.0099651403,"u 14":0.0100244449},"8":{"u 2":0.009993096,"u 3":0.0099842174,"u 4":0.0099748162,"u 7":0.0100229371,"u 13":0.009993094,"u 11":0.0100328616,"u 9":0.0099679031,"u 14":0.0100233917},"9":{"u 2":0.0099934519,"u 3":0.0099847962,"u 4":0.0099764909,"u 7":0.0100218005,"u 13":0.0099934502,"u 11":0.0100306286,"u 9":0.0099704191,"u 14":0.0100223909}}